Year,Geo_Level,State_ANSI,Commodity_ID,Quantity
2022,STATE,1,2,"4,00,000"
2022,STATE,4,2,"10,35,000"
2022,STATE,5,2,"11,20,000"
2022,STATE,6,2,"1,15,90,000"
2022,STATE,8,2,"13,02,000"
2022,STATE,12,2,"73,50,000"
2022,STATE,13,2,"32,96,000"
2022,STATE,16,2,"27,26,000"
2022,STATE,17,2,"4,70,000"
2022,STATE,18,2,"5,67,000"
2022,STATE,19,2,"24,48,000"
2022,STATE,20,2,"3,72,000"
2022,STATE,21,2,"2,52,000"
2022,STATE,22,2,"25,62,000"
2022,STATE,23,2,"2,30,000"
2022,STATE,26,2,"33,62,000"
2022,STATE,27,2,"52,02,000"
2022,STATE,28,2,"19,95,000"
2022,STATE,29,2,"3,28,000"
2022,STATE,30,2,"75,03,000"
2022,STATE,31,2,"14,96,000"
2022,STATE,34,2,"6,24,000"
2022,STATE,36,2,"28,62,000"
2022,STATE,37,2,"5,07,000"
2022,STATE,38,2,"3,12,00,000"
2022,STATE,39,2,"12,54,000"
2022,STATE,41,2,"34,04,000"
2022,STATE,,2,"33,16,000"
2022,STATE,42,2,"10,58,000"
2022,STATE,45,2,"5,07,000"
2022,STATE,46,2,"72,15,000"
2022,STATE,47,2,"4,23,000"
2022,STATE,48,2,"83,21,000"
2022,STATE,49,2,"11,96,000"
2022,STATE,50,2,"2,82,000"
2022,STATE,51,2,"2,66,000"
2022,STATE,53,2,"27,52,000"
2022,STATE,54,2,"2,73,000"
2022,STATE,55,2,"29,15,000"
2022,STATE,56,2,"13,50,000"
2021,STATE,1,2,"3,20,000"
2021,STATE,4,2,"10,40,000"
2021,STATE,5,2,"8,50,000"
2021,STATE,6,2,"95,70,000"
2021,STATE,8,2,"11,60,000"
2021,STATE,12,2,"84,92,000"
2021,STATE,13,2,"32,64,000"
2021,STATE,15,2,"18,60,000"
2021,STATE,16,2,"30,00,000"
2021,STATE,17,2,"4,60,000"
2021,STATE,18,2,"5,20,000"
2021,STATE,19,2,"20,90,000"
2021,STATE,20,2,"2,94,000"
2021,STATE,21,2,"2,59,000"
2021,STATE,22,2,"21,46,000"
2021,STATE,23,2,"3,74,000"
2021,STATE,26,2,"51,00,000"
2021,STATE,27,2,"71,25,000"
2021,STATE,28,2,"17,75,000"
2021,STATE,29,2,"2,80,000"
2021,STATE,30,2,"66,69,000"
2021,STATE,31,2,"17,86,000"
2021,STATE,34,2,"5,25,000"
2021,STATE,36,2,"30,21,000"
2021,STATE,37,2,"5,07,000"
2021,STATE,38,2,"2,83,25,000"
2021,STATE,39,2,"10,24,000"
2021,STATE,41,2,"26,66,000"
2021,STATE,,2,"13,49,000"
2021,STATE,42,2,"8,40,000"
2021,STATE,45,2,"6,30,000"
2021,STATE,46,2,"1,22,50,000"
2021,STATE,47,2,"4,48,000"
2021,STATE,48,2,"76,72,000"
2021,STATE,49,2,"10,23,000"
2021,STATE,50,2,"2,82,000"
2021,STATE,51,2,"2,40,000"
2021,STATE,53,2,"30,72,000"
2021,STATE,54,2,"2,58,000"
2021,STATE,55,2,"19,74,000"
2021,STATE,56,2,"22,04,000"
2020,STATE,1,2,"2,73,000"
2020,STATE,4,2,"9,00,000"
2020,STATE,5,2,"9,80,000"
2020,STATE,6,2,"1,37,60,000"
2020,STATE,8,2,"12,30,000"
2020,STATE,12,2,"88,32,000"
2020,STATE,13,2,"34,34,000"
2020,STATE,15,2,"15,75,000"
2020,STATE,16,2,"37,45,000"
2020,STATE,17,2,"5,20,000"
2020,STATE,18,2,"4,95,000"
2020,STATE,19,2,"20,30,000"
2020,STATE,20,2,"4,96,000"
2020,STATE,21,2,"2,31,000"
2020,STATE,22,2,"22,77,000"
2020,STATE,23,2,"3,00,000"
2020,STATE,26,2,"44,65,000"
2020,STATE,27,2,"59,40,000"
2020,STATE,28,2,"18,25,000"
2020,STATE,29,2,"3,69,000"
2020,STATE,30,2,"89,10,000"
2020,STATE,31,2,"19,24,000"
2020,STATE,34,2,"4,34,000"
2020,STATE,36,2,"32,48,000"
2020,STATE,37,2,"4,56,000"
2020,STATE,38,2,"3,86,10,000"
2020,STATE,39,2,"12,00,000"
2020,STATE,41,2,"27,55,000"
2020,STATE,,2,"13,75,000"
2020,STATE,42,2,"9,12,000"
2020,STATE,45,2,"7,36,000"
2020,STATE,46,2,"1,49,45,000"
2020,STATE,47,2,"3,57,000"
2020,STATE,48,2,"89,49,000"
2020,STATE,49,2,"9,52,000"
2020,STATE,50,2,"2,82,000"
2020,STATE,51,2,"2,00,000"
2020,STATE,53,2,"36,26,000"
2020,STATE,54,2,"2,76,000"
2020,STATE,55,2,"22,50,000"
2020,STATE,56,2,"15,20,000"
2019,STATE,1,2,"2,94,000"
2019,STATE,4,2,"10,58,000"
2019,STATE,5,2,"11,00,000"
2019,STATE,6,2,"1,60,80,000"
2019,STATE,8,2,"14,72,000"
2019,STATE,12,2,"92,25,000"
2019,STATE,13,2,"33,66,000"
2019,STATE,15,2,"12,80,000"
2019,STATE,16,2,"29,44,000"
2019,STATE,17,2,"4,29,000"
2019,STATE,18,2,"4,95,000"
2019,STATE,19,2,"20,90,000"
2019,STATE,20,2,"5,53,000"
2019,STATE,21,2,"2,46,000"
2019,STATE,22,2,"38,88,000"
2019,STATE,23,2,"5,25,000"
2019,STATE,26,2,"47,00,000"
2019,STATE,27,2,"69,62,000"
2019,STATE,28,2,"17,60,000"
2019,STATE,29,2,"4,30,000"
2019,STATE,30,2,"1,48,78,000"
2019,STATE,31,2,"20,28,000"
2019,STATE,34,2,"4,20,000"
2019,STATE,36,2,"34,22,000"
2019,STATE,37,2,"5,88,000"
2019,STATE,38,2,"3,38,00,000"
2019,STATE,39,2,"10,05,000"
2019,STATE,41,2,"27,84,000"
2019,STATE,,2,"14,18,000"
2019,STATE,42,2,"9,50,000"
2019,STATE,45,2,"7,52,000"
2019,STATE,46,2,"1,94,40,000"
2019,STATE,47,2,"4,56,000"
2019,STATE,48,2,"75,60,000"
2019,STATE,49,2,"6,38,000"
2019,STATE,50,2,"2,88,000"
2019,STATE,51,2,"1,95,000"
2019,STATE,53,2,"28,35,000"
2019,STATE,54,2,"2,22,000"
2019,STATE,55,2,"21,62,000"
2019,STATE,56,2,"21,84,000"
2018,STATE,1,2,"2,70,000"
2018,STATE,4,2,"9,12,000"
2018,STATE,5,2,"14,00,000"
2018,STATE,6,2,"1,37,35,000"
2018,STATE,8,2,"14,88,000"
2018,STATE,12,2,"1,05,35,000"
2018,STATE,13,2,"33,32,000"
2018,STATE,15,2,"17,51,000"
2018,STATE,16,2,"29,76,000"
2018,STATE,17,2,"4,51,000"
2018,STATE,18,2,"3,22,000"
2018,STATE,19,2,"18,62,000"
2018,STATE,20,2,"3,65,000"
2018,STATE,21,2,"1,64,000"
2018,STATE,22,2,"37,35,000"
2018,STATE,23,2,"3,84,000"
2018,STATE,26,2,"42,68,000"
2018,STATE,27,2,"72,59,000"
2018,STATE,28,2,"17,40,000"
2018,STATE,29,2,"4,05,000"
2018,STATE,30,2,"1,47,20,000"
2018,STATE,31,2,"23,60,000"
2018,STATE,34,2,"4,03,000"
2018,STATE,36,2,"26,88,000"
2018,STATE,37,2,"3,30,000"
2018,STATE,38,2,"3,96,00,000"
2018,STATE,39,2,"10,22,000"
2018,STATE,41,2,"32,55,000"
2018,STATE,,2,"13,99,000"
2018,STATE,42,2,"8,36,000"
2018,STATE,45,2,"7,68,000"
2018,STATE,46,2,"1,19,85,000"
2018,STATE,47,2,"3,22,000"
2018,STATE,48,2,"73,92,000"
2018,STATE,49,2,"10,66,000"
2018,STATE,50,2,"3,36,000"
2018,STATE,51,2,"1,60,000"
2018,STATE,53,2,"33,11,000"
2018,STATE,54,2,"2,22,000"
2018,STATE,55,2,"22,95,000"
2018,STATE,56,2,"21,84,000"
2017,STATE,1,2,"3,15,000"
2017,STATE,4,2,"8,80,000"
2017,STATE,5,2,"19,72,000"
2017,STATE,6,2,"1,37,35,000"
2017,STATE,8,2,"14,19,000"
2017,STATE,12,2,"88,15,000"
2017,STATE,13,2,"31,68,000"
2017,STATE,15,2,"24,89,000"
2017,STATE,16,2,"41,80,000"
2017,STATE,17,2,"5,06,000"
2017,STATE,18,2,"4,16,000"
2017,STATE,19,2,"20,30,000"
2017,STATE,20,2,"5,53,000"
2017,STATE,21,2,"1,90,000"
2017,STATE,22,2,"34,83,000"
2017,STATE,23,2,"3,96,000"
2017,STATE,26,2,"39,15,000"
2017,STATE,27,2,"78,12,000"
2017,STATE,28,2,"15,48,000"
2017,STATE,29,2,"5,20,000"
2017,STATE,30,2,"1,04,40,000"
2017,STATE,31,2,"26,46,000"
2017,STATE,34,2,"3,64,000"
2017,STATE,36,2,"31,92,000"
2017,STATE,37,2,"4,51,000"
2017,STATE,38,2,"3,36,70,000"
2017,STATE,39,2,"10,95,000"
2017,STATE,41,2,"31,20,000"
2017,STATE,,2,"15,18,000"
2017,STATE,42,2,"7,36,000"
2017,STATE,45,2,"5,44,000"
2017,STATE,46,2,"1,45,35,000"
2017,STATE,47,2,"2,87,000"
2017,STATE,48,2,"79,20,000"
2017,STATE,49,2,"8,37,000"
2017,STATE,50,2,"3,78,000"
2017,STATE,51,2,"2,10,000"
2017,STATE,53,2,"34,65,000"
2017,STATE,54,2,"2,40,000"
2017,STATE,55,2,"29,68,000"
2017,STATE,56,2,"20,67,000"
2016,STATE,1,2,"3,64,000"
2016,STATE,4,2,"12,42,000"
2016,STATE,5,2,"16,56,000"
2016,STATE,6,2,"1,11,60,000"
2016,STATE,8,2,"12,80,000"
2016,STATE,12,2,"1,07,50,000"
2016,STATE,13,2,"37,44,000"
2016,STATE,15,2,"20,34,000"
2016,STATE,16,2,"32,98,000"
2016,STATE,17,2,"4,80,000"
2016,STATE,18,2,"4,96,000"
2016,STATE,19,2,"17,76,000"
2016,STATE,20,2,"3,36,000"
2016,STATE,21,2,"2,30,000"
2016,STATE,22,2,"43,00,000"
2016,STATE,23,2,"4,08,000"
2016,STATE,26,2,"53,40,000"
2016,STATE,27,2,"73,16,000"
2016,STATE,28,2,"16,15,000"
2016,STATE,29,2,"4,96,000"
2016,STATE,30,2,"1,22,43,000"
2016,STATE,31,2,"22,08,000"
2016,STATE,34,2,"3,24,000"
2016,STATE,36,2,"36,48,000"
2016,STATE,37,2,"4,44,000"
2016,STATE,38,2,"3,78,30,000"
2016,STATE,39,2,"11,85,000"
2016,STATE,41,2,"25,90,000"
2016,STATE,,2,"16,01,000"
2016,STATE,42,2,"9,50,000"
2016,STATE,45,2,"7,20,000"
2016,STATE,46,2,"1,98,80,000"
2016,STATE,47,2,"3,30,000"
2016,STATE,48,2,"93,10,000"
2016,STATE,49,2,"9,92,000"
2016,STATE,50,2,"3,12,000"
2016,STATE,51,2,"1,90,000"
2016,STATE,53,2,"29,40,000"
2016,STATE,54,2,"1,60,000"
2016,STATE,55,2,"33,48,000"
2016,STATE,56,2,"27,20,000"
2015,STATE,1,2,"3,29,000"
2015,STATE,4,2,"12,74,000"
2015,STATE,5,2,"17,28,000"
2015,STATE,6,2,"82,50,000"
2015,STATE,8,2,"14,79,000"
2015,STATE,12,2,"1,18,80,000"
2015,STATE,13,2,"27,60,000"
2015,STATE,15,2,"16,32,000"
2015,STATE,16,2,"28,48,000"
2015,STATE,17,2,"4,08,000"
2015,STATE,18,2,"3,18,000"
2015,STATE,19,2,"18,00,000"
2015,STATE,20,2,"2,88,000"
2015,STATE,21,2,"2,30,000"
2015,STATE,22,2,"43,56,000"
2015,STATE,23,2,"4,70,000"
2015,STATE,26,2,"52,20,000"
2015,STATE,27,2,"82,96,000"
2015,STATE,28,2,"12,45,000"
2015,STATE,29,2,"5,20,000"
2015,STATE,30,2,"1,21,18,000"
2015,STATE,31,2,"27,36,000"
2015,STATE,34,2,"3,24,000"
2015,STATE,36,2,"35,96,000"
2015,STATE,37,2,"5,40,000"
2015,STATE,38,2,"3,62,60,000"
2015,STATE,39,2,"8,50,000"
2015,STATE,41,2,"26,98,000"
2015,STATE,,2,"11,68,000"
2015,STATE,42,2,"9,01,000"
2015,STATE,45,2,"9,38,000"
2015,STATE,46,2,"1,91,40,000"
2015,STATE,47,2,"4,13,000"
2015,STATE,48,2,"83,16,000"
2015,STATE,49,2,"11,34,000"
2015,STATE,50,2,"2,60,000"
2015,STATE,51,2,"1,85,000"
2015,STATE,53,2,"32,12,000"
2015,STATE,54,2,"1,75,000"
2015,STATE,55,2,"34,84,000"
2015,STATE,56,2,"29,26,000"
2014,STATE,1,2,"3,71,000"
2014,STATE,4,2,"10,14,000"
2014,STATE,5,2,"13,65,000"
2014,STATE,6,2,"1,24,80,000"
2014,STATE,8,2,"9,99,000"
2014,STATE,12,2,"1,47,00,000"
2014,STATE,13,2,"45,26,000"
2014,STATE,15,2,"13,95,000"
2014,STATE,16,2,"34,00,000"
2014,STATE,17,2,"3,92,000"
2014,STATE,18,2,"3,10,000"
2014,STATE,19,2,"15,05,000"
2014,STATE,20,2,"5,25,000"
2014,STATE,21,2,"2,35,000"
2014,STATE,22,2,"40,32,000"
2014,STATE,23,2,"3,76,000"
2014,STATE,26,2,"57,33,000"
2014,STATE,27,2,"79,20,000"
2014,STATE,28,2,"22,40,000"
2014,STATE,29,2,"5,64,000"
2014,STATE,30,2,"1,42,56,000"
2014,STATE,31,2,"37,50,000"
2014,STATE,34,2,"3,60,000"
2014,STATE,36,2,"33,00,000"
2014,STATE,37,2,"5,16,000"
2014,STATE,38,2,"4,21,40,000"
2014,STATE,39,2,"9,15,000"
2014,STATE,41,2,"28,40,000"
2014,STATE,,2,"14,04,000"
2014,STATE,42,2,"7,82,000"
2014,STATE,45,2,"4,86,000"
2014,STATE,46,2,"2,43,60,000"
2014,STATE,47,2,"4,41,000"
2014,STATE,48,2,"90,48,000"
2014,STATE,49,2,"8,12,000"
2014,STATE,50,2,"2,32,000"
2014,STATE,51,2,"2,28,000"
2014,STATE,53,2,"29,92,000"
2014,STATE,54,2,"1,86,000"
2014,STATE,55,2,"28,62,000"
2014,STATE,56,2,"23,18,000"
2013,STATE,1,2,"3,64,000"
2013,STATE,4,2,"10,44,000"
2013,STATE,5,2,"13,20,000"
2013,STATE,6,2,"1,08,90,000"
2013,STATE,8,2,"11,18,000"
2013,STATE,12,2,"1,34,20,000"
2013,STATE,13,2,"33,50,000"
2013,STATE,15,2,"10,79,000"
2013,STATE,16,2,"26,56,000"
2013,STATE,17,2,"3,36,000"
2013,STATE,18,2,"2,82,000"
2013,STATE,19,2,"18,72,000"
2013,STATE,20,2,"2,76,000"
2013,STATE,21,2,"1,23,000"
2013,STATE,22,2,"49,00,000"
2013,STATE,23,2,"3,01,000"
2013,STATE,26,2,"46,75,000"
2013,STATE,27,2,"75,40,000"
2013,STATE,28,2,"19,72,000"
2013,STATE,29,2,"4,70,000"
2013,STATE,30,2,"1,49,46,000"
2013,STATE,31,2,"27,60,000"
2013,STATE,34,2,"4,84,000"
2013,STATE,36,2,"26,40,000"
2013,STATE,37,2,"3,80,000"
2013,STATE,38,2,"3,31,20,000"
2013,STATE,39,2,"7,65,000"
2013,STATE,41,2,"21,70,000"
2013,STATE,,2,"12,95,000"
2013,STATE,42,2,"5,85,000"
2013,STATE,46,2,"1,48,40,000"
2013,STATE,47,2,"3,15,000"
2013,STATE,48,2,"62,54,000"
2013,STATE,49,2,"10,20,000"
2013,STATE,50,2,"2,04,000"
2013,STATE,51,2,"1,75,000"
2013,STATE,53,2,"26,91,000"
2013,STATE,54,2,"2,76,000"
2013,STATE,55,2,"35,40,000"
2013,STATE,56,2,"31,02,000"
2012,STATE,1,2,"4,32,000"
2012,STATE,4,2,"10,12,000"
2012,STATE,5,2,"15,75,000"
2012,STATE,6,2,"1,15,50,000"
2012,STATE,8,2,"12,00,000"
2012,STATE,12,2,"1,23,52,000"
2012,STATE,13,2,"30,09,000"
2012,STATE,15,2,"7,50,000"
2012,STATE,16,2,"29,44,000"
2012,STATE,17,2,"4,27,000"
2012,STATE,18,2,"4,72,000"
2012,STATE,19,2,"22,57,000"
2012,STATE,20,2,"3,30,000"
2012,STATE,21,2,"2,55,000"
2012,STATE,22,2,"35,26,000"
2012,STATE,23,2,"1,36,000"
2012,STATE,26,2,"41,61,000"
2012,STATE,27,2,"83,75,000"
2012,STATE,28,2,"21,24,000"
2012,STATE,29,2,"3,71,000"
2012,STATE,30,2,"75,40,000"
2012,STATE,31,2,"27,95,000"
2012,STATE,34,2,"4,62,000"
2012,STATE,35,2,"2,60,000"
2012,STATE,36,2,"26,01,000"
2012,STATE,37,2,"5,07,000"
2012,STATE,38,2,"3,31,20,000"
2012,STATE,39,2,"10,80,000"
2012,STATE,41,2,"19,20,000"
2012,STATE,,2,"13,89,000"
2012,STATE,42,2,"9,60,000"
2012,STATE,46,2,"1,63,80,000"
2012,STATE,47,2,"3,66,000"
2012,STATE,48,2,"47,84,000"
2012,STATE,49,2,"9,50,000"
2012,STATE,50,2,"2,40,000"
2012,STATE,51,2,"1,64,000"
2012,STATE,53,2,"25,42,000"
2012,STATE,54,2,"2,88,000"
2012,STATE,55,2,"41,40,000"
2012,STATE,56,2,"25,50,000"
2011,STATE,1,2,"4,50,000"
2011,STATE,4,2,"12,19,000"
2011,STATE,5,2,"14,08,000"
2011,STATE,6,2,"1,77,60,000"
2011,STATE,8,2,"17,05,000"
2011,STATE,12,2,"1,09,80,000"
2011,STATE,13,2,"27,95,000"
2011,STATE,15,2,"6,66,000"
2011,STATE,16,2,"31,32,000"
2011,STATE,17,2,"3,50,000"
2011,STATE,18,2,"4,08,000"
2011,STATE,19,2,"15,50,000"
2011,STATE,20,2,"3,08,000"
2011,STATE,21,2,"1,56,000"
2011,STATE,22,2,"27,72,000"
2011,STATE,23,2,"1,20,000"
2011,STATE,26,2,"47,36,000"
2011,STATE,27,2,"63,60,000"
2011,STATE,28,2,"20,70,000"
2011,STATE,29,2,"3,44,000"
2011,STATE,30,2,"1,33,40,000"
2011,STATE,31,2,"24,19,000"
2011,STATE,34,2,"4,51,000"
2011,STATE,35,2,"3,92,000"
2011,STATE,36,2,"27,44,000"
2011,STATE,37,2,"8,68,000"
2011,STATE,38,2,"3,26,60,000"
2011,STATE,39,2,"9,90,000"
2011,STATE,41,2,"20,40,000"
2011,STATE,,2,"11,56,000"
2011,STATE,42,2,"10,56,000"
2011,STATE,46,2,"1,65,00,000"
2011,STATE,47,2,"3,08,000"
2011,STATE,48,2,"45,24,000"
2011,STATE,49,2,"8,97,000"
2011,STATE,50,2,"1,72,000"
2011,STATE,51,2,"1,60,000"
2011,STATE,53,2,"26,98,000"
2011,STATE,54,2,"2,12,000"
2011,STATE,55,2,"35,91,000"
2011,STATE,56,2,"18,90,000"
2010,STATE,1,2,"4,86,000"
2010,STATE,4,2,"18,48,000"
2010,STATE,5,2,"15,00,000"
2010,STATE,6,2,"2,74,70,000"
2010,STATE,8,2,"19,04,000"
2010,STATE,12,2,"1,38,00,000"
2010,STATE,13,2,"25,30,000"
2010,STATE,15,2,"7,70,000"
2010,STATE,16,2,"26,19,000"
2010,STATE,17,2,"3,69,000"
2010,STATE,18,2,"4,30,000"
2010,STATE,19,2,"13,23,000"
2010,STATE,20,2,"4,68,000"
2010,STATE,21,2,"3,35,000"
2010,STATE,22,2,"28,80,000"
2010,STATE,23,2,"2,05,000"
2010,STATE,26,2,"41,18,000"
2010,STATE,27,2,"84,48,000"
2010,STATE,28,2,"15,68,000"
2010,STATE,29,2,"5,72,000"
2010,STATE,30,2,"1,16,18,000"
2010,STATE,31,2,"22,55,000"
2010,STATE,34,2,"4,55,000"
2010,STATE,35,2,"4,62,000"
2010,STATE,36,2,"28,80,000"
2010,STATE,37,2,"5,98,000"
2010,STATE,38,2,"4,64,10,000"
2010,STATE,39,2,"11,16,000"
2010,STATE,41,2,"23,01,000"
2010,STATE,,2,"11,68,000"
2010,STATE,42,2,"11,10,000"
2010,STATE,46,2,"1,53,70,000"
2010,STATE,47,2,"5,04,000"
2010,STATE,48,2,"72,00,000"
2010,STATE,49,2,"7,80,000"
2010,STATE,50,2,"2,60,000"
2010,STATE,51,2,"1,85,000"
2010,STATE,53,2,"26,27,000"
2010,STATE,54,2,"2,00,000"
2010,STATE,55,2,"40,96,000"
2010,STATE,56,2,"12,24,000"
2009,STATE,1,2,"4,50,000"
2009,STATE,4,2,"10,40,000"
2009,STATE,5,2,"13,68,000"
2009,STATE,6,2,"1,17,15,000"
2009,STATE,8,2,"14,84,000"
2009,STATE,12,2,"1,15,60,000"
2009,STATE,13,2,"26,65,000"
2009,STATE,15,2,"9,50,000"
2009,STATE,16,2,"47,38,000"
2009,STATE,17,2,"2,72,000"
2009,STATE,18,2,"2,88,000"
2009,STATE,19,2,"10,92,000"
2009,STATE,20,2,"5,67,000"
2009,STATE,21,2,"1,75,000"
2009,STATE,22,2,"38,11,000"
2009,STATE,23,2,"3,00,000"
2009,STATE,26,2,"39,60,000"
2009,STATE,27,2,"79,30,000"
2009,STATE,28,2,"14,56,000"
2009,STATE,29,2,"5,17,000"
2009,STATE,30,2,"1,02,20,000"
2009,STATE,31,2,"26,88,000"
2009,STATE,34,2,"3,52,000"
2009,STATE,35,2,"4,20,000"
2009,STATE,36,2,"29,25,000"
2009,STATE,37,2,"4,95,000"
2009,STATE,38,2,"3,46,50,000"
2009,STATE,39,2,"5,50,000"
2009,STATE,41,2,"18,70,000"
2009,STATE,,2,"13,48,000"
2009,STATE,42,2,"8,40,000"
2009,STATE,46,2,"1,78,20,000"
2009,STATE,47,2,"3,57,000"
2009,STATE,48,2,"56,07,000"
2009,STATE,49,2,"9,88,000"
2009,STATE,50,2,"2,45,000"
2009,STATE,51,2,"2,34,000"
2009,STATE,53,2,"27,28,000"
2009,STATE,54,2,"1,85,000"
2009,STATE,55,2,"37,80,000"
2009,STATE,56,2,"17,76,000"
2008,STATE,1,2,"5,94,000"
2008,STATE,4,2,"16,00,000"
2008,STATE,5,2,"21,00,000"
2008,STATE,6,2,"1,83,60,000"
2008,STATE,8,2,"12,15,000"
2008,STATE,12,2,"1,18,50,000"
2008,STATE,13,2,"46,15,000"
2008,STATE,15,2,"9,00,000"
2008,STATE,16,2,"36,00,000"
2008,STATE,17,2,"4,48,000"
2008,STATE,18,2,"4,69,000"
2008,STATE,19,2,"14,88,000"
2008,STATE,20,2,"6,10,000"
2008,STATE,21,2,"1,56,000"
2008,STATE,22,2,"30,80,000"
2008,STATE,23,2,"2,94,000"
2008,STATE,26,2,"51,83,000"
2008,STATE,27,2,"95,16,000"
2008,STATE,28,2,"13,72,000"
2008,STATE,29,2,"5,83,000"
2008,STATE,30,2,"93,80,000"
2008,STATE,31,2,"24,12,000"
2008,STATE,32,2,"2,90,000"
2008,STATE,34,2,"3,60,000"
2008,STATE,35,2,"2,88,000"
2008,STATE,36,2,"35,00,000"
2008,STATE,37,2,"6,24,000"
2008,STATE,38,2,"3,60,00,000"
2008,STATE,39,2,"7,42,000"
2008,STATE,41,2,"21,50,000"
2008,STATE,,2,"8,17,000"
2008,STATE,42,2,"11,04,000"
2008,STATE,46,2,"2,13,75,000"
2008,STATE,47,2,"4,27,000"
2008,STATE,48,2,"49,28,000"
2008,STATE,49,2,"13,44,000"
2008,STATE,50,2,"3,30,000"
2008,STATE,51,2,"2,52,000"
2008,STATE,53,2,"21,56,000"
2008,STATE,54,2,"2,58,000"
2008,STATE,55,2,"46,40,000"
2008,STATE,56,2,"23,79,000"
2007,STATE,1,2,"6,16,000"
2007,STATE,4,2,"19,20,000"
2007,STATE,5,2,"22,40,000"
2007,STATE,6,2,"1,36,00,000"
2007,STATE,8,2,"15,81,000"
2007,STATE,12,2,"1,13,60,000"
2007,STATE,13,2,"34,80,000"
2007,STATE,15,2,"9,20,000"
2007,STATE,16,2,"37,72,000"
2007,STATE,17,2,"5,67,000"
2007,STATE,18,2,"4,24,000"
2007,STATE,19,2,"21,06,000"
2007,STATE,20,2,"5,60,000"
2007,STATE,21,2,"2,44,000"
2007,STATE,22,2,"25,81,000"
2007,STATE,23,2,"2,34,000"
2007,STATE,26,2,"46,08,000"
2007,STATE,27,2,"88,40,000"
2007,STATE,28,2,"13,80,000"
2007,STATE,29,2,"6,44,000"
2007,STATE,30,2,"91,80,000"
2007,STATE,31,2,"22,05,000"
2007,STATE,32,2,"2,80,000"
2007,STATE,34,2,"5,13,000"
2007,STATE,35,2,"3,54,000"
2007,STATE,36,2,"30,21,000"
2007,STATE,37,2,"5,40,000"
2007,STATE,38,2,"3,10,80,000"
2007,STATE,39,2,"8,54,000"
2007,STATE,41,2,"19,78,000"
2007,STATE,,2,"7,20,000"
2007,STATE,42,2,"10,50,000"
2007,STATE,46,2,"1,32,60,000"
2007,STATE,47,2,"4,55,000"
2007,STATE,48,2,"86,10,000"
2007,STATE,49,2,"11,76,000"
2007,STATE,50,2,"3,20,000"
2007,STATE,51,2,"2,76,000"
2007,STATE,53,2,"20,24,000"
2007,STATE,54,2,"2,88,000"
2007,STATE,55,2,"50,40,000"
2007,STATE,56,2,"34,40,000"
2006,STATE,1,2,"7,92,000"
2006,STATE,4,2,"19,50,000"
2006,STATE,5,2,"24,32,000"
2006,STATE,6,2,"1,97,60,000"
2006,STATE,8,2,"27,00,000"
2006,STATE,12,2,"1,37,70,000"
2006,STATE,13,2,"46,62,000"
2006,STATE,15,2,"9,30,000"
2006,STATE,16,2,"41,80,000"
2006,STATE,17,2,"6,60,000"
2006,STATE,18,2,"3,78,000"
2006,STATE,19,2,"21,84,000"
2006,STATE,20,2,"7,70,000"
2006,STATE,21,2,"2,80,000"
2006,STATE,22,2,"27,00,000"
2006,STATE,23,2,"2,53,000"
2006,STATE,26,2,"39,60,000"
2006,STATE,27,2,"1,00,00,000"
2006,STATE,28,2,"13,72,000"
2006,STATE,29,2,"6,90,000"
2006,STATE,30,2,"1,04,28,000"
2006,STATE,31,2,"34,31,000"
2006,STATE,32,2,"3,33,000"
2006,STATE,34,2,"3,24,000"
2006,STATE,35,2,"3,36,000"
2006,STATE,36,2,"37,12,000"
2006,STATE,37,2,"5,00,000"
2006,STATE,38,2,"2,59,00,000"
2006,STATE,39,2,"7,84,000"
2006,STATE,41,2,"22,08,000"
2006,STATE,,2,"6,72,000"
2006,STATE,42,2,"11,20,000"
2006,STATE,46,2,"1,05,75,000"
2006,STATE,47,2,"3,85,000"
2006,STATE,48,2,"57,40,000"
2006,STATE,49,2,"13,00,000"
2006,STATE,50,2,"3,36,000"
2006,STATE,51,2,"3,36,000"
2006,STATE,53,2,"25,48,000"
2006,STATE,54,2,"2,52,000"
2006,STATE,55,2,"59,52,000"
2006,STATE,56,2,"33,15,000"
2005,STATE,1,2,"8,58,000"
2005,STATE,4,2,"18,00,000"
2005,STATE,5,2,"24,84,000"
2005,STATE,6,2,"3,00,00,000"
2005,STATE,8,2,"19,60,000"
2005,STATE,12,2,"1,37,60,000"
2005,STATE,13,2,"28,91,000"
2005,STATE,15,2,"11,79,000"
2005,STATE,16,2,"35,15,000"
2005,STATE,17,2,"6,80,000"
2005,STATE,18,2,"5,12,000"
2005,STATE,19,2,"24,64,000"
2005,STATE,20,2,"8,00,000"
2005,STATE,21,2,"2,50,000"
2005,STATE,22,2,"33,95,000"
2005,STATE,23,2,"2,08,000"
2005,STATE,26,2,"44,20,000"
2005,STATE,27,2,"88,80,000"
2005,STATE,28,2,"12,80,000"
2005,STATE,29,2,"7,50,000"
2005,STATE,30,2,"87,10,000"
2005,STATE,31,2,"27,20,000"
2005,STATE,32,2,"5,52,000"
2005,STATE,34,2,"3,84,000"
2005,STATE,35,2,"3,43,000"
2005,STATE,36,2,"43,07,000"
2005,STATE,37,2,"5,40,000"
2005,STATE,38,2,"3,36,70,000"
2005,STATE,39,2,"10,35,000"
2005,STATE,41,2,"16,38,000"
2005,STATE,,2,"6,45,000"
2005,STATE,42,2,"15,68,000"
2005,STATE,46,2,"1,73,80,000"
2005,STATE,47,2,"3,85,000"
2005,STATE,48,2,"59,64,000"
2005,STATE,49,2,"10,80,000"
2005,STATE,50,2,"5,46,000"
2005,STATE,51,2,"2,96,000"
2005,STATE,53,2,"28,05,000"
2005,STATE,54,2,"4,08,000"
2005,STATE,55,2,"53,12,000"
2005,STATE,56,2,"22,40,000"
2004,STATE,1,2,"10,44,000"
2004,STATE,4,2,"17,60,000"
2004,STATE,5,2,"22,80,000"
2004,STATE,6,2,"1,75,50,000"
2004,STATE,8,2,"18,40,000"
2004,STATE,12,2,"2,00,90,000"
2004,STATE,13,2,"30,87,000"
2004,STATE,15,2,"7,68,000"
2004,STATE,16,2,"63,00,000"
2004,STATE,17,2,"3,85,000"
2004,STATE,18,2,"4,13,000"
2004,STATE,19,2,"23,45,000"
2004,STATE,20,2,"11,20,000"
2004,STATE,21,2,"2,80,000"
2004,STATE,22,2,"34,30,000"
2004,STATE,23,2,"2,17,000"
2004,STATE,26,2,"43,55,000"
2004,STATE,27,2,"1,01,25,000"
2004,STATE,28,2,"11,70,000"
2004,STATE,29,2,"6,56,000"
2004,STATE,30,2,"1,07,80,000"
2004,STATE,31,2,"45,39,000"
2004,STATE,32,2,"7,70,000"
2004,STATE,34,2,"3,24,000"
2004,STATE,35,2,"3,52,000"
2004,STATE,36,2,"42,88,000"
2004,STATE,37,2,"3,60,000"
2004,STATE,38,2,"3,04,20,000"
2004,STATE,39,2,"9,28,000"
2004,STATE,41,2,"22,68,000"
2004,STATE,,2,"7,65,000"
2004,STATE,42,2,"16,20,000"
2004,STATE,46,2,"2,25,75,000"
2004,STATE,47,2,"3,24,000"
2004,STATE,48,2,"88,16,000"
2004,STATE,49,2,"16,80,000"
2004,STATE,50,2,"4,08,000"
2004,STATE,51,2,"2,66,000"
2004,STATE,53,2,"35,28,000"
2004,STATE,54,2,"4,95,000"
2004,STATE,55,2,"58,48,000"
2004,STATE,56,2,"29,25,000"
2003,STATE,1,2,"10,66,000"
2003,STATE,4,2,"25,20,000"
2003,STATE,5,2,"30,00,000"
2003,STATE,6,2,"3,21,60,000"
2003,STATE,8,2,"20,64,000"
2003,STATE,12,2,"1,49,10,000"
2003,STATE,13,2,"33,80,000"
2003,STATE,15,2,"7,98,000"
2003,STATE,16,2,"46,00,000"
2003,STATE,17,2,"4,20,000"
2003,STATE,18,2,"2,80,000"
2003,STATE,19,2,"18,88,000"
2003,STATE,20,2,"9,12,000"
2003,STATE,21,2,"2,40,000"
2003,STATE,22,2,"30,60,000"
2003,STATE,23,2,"2,64,000"
2003,STATE,24,2,"84,000"
2003,STATE,26,2,"48,10,000"
2003,STATE,27,2,"99,60,000"
2003,STATE,28,2,"14,49,000"
2003,STATE,29,2,"9,01,000"
2003,STATE,30,2,"95,70,000"
2003,STATE,31,2,"33,30,000"
2003,STATE,32,2,"3,84,000"
2003,STATE,34,2,"1,90,000"
2003,STATE,35,2,"2,46,000"
2003,STATE,36,2,"48,24,000"
2003,STATE,37,2,"4,40,000"
2003,STATE,38,2,"2,95,80,000"
2003,STATE,39,2,"7,50,000"
2003,STATE,40,2,"1,41,000"
2003,STATE,41,2,"21,42,000"
2003,STATE,,2,"3,52,000"
2003,STATE,42,2,"13,50,000"
2003,STATE,45,2,"2,80,000"
2003,STATE,46,2,"1,50,50,000"
2003,STATE,47,2,"2,40,000"
2003,STATE,48,2,"93,80,000"
2003,STATE,49,2,"14,25,000"
2003,STATE,50,2,"5,81,000"
2003,STATE,51,2,"2,22,000"
2003,STATE,53,2,"32,48,000"
2003,STATE,54,2,"3,76,000"
2003,STATE,55,2,"56,98,000"
2003,STATE,56,2,"31,59,000"
2002,STATE,1,2,"10,32,000"
2002,STATE,4,2,"23,94,000"
2002,STATE,5,2,"39,60,000"
2002,STATE,6,2,"2,35,00,000"
2002,STATE,8,2,"14,40,000"
2002,STATE,12,2,"2,04,60,000"
2002,STATE,13,2,"26,00,000"
2002,STATE,15,2,"9,52,000"
2002,STATE,16,2,"57,00,000"
2002,STATE,17,2,"7,20,000"
2002,STATE,18,2,"4,96,000"
2002,STATE,19,2,"23,10,000"
2002,STATE,20,2,"8,84,000"
2002,STATE,21,2,"2,70,000"
2002,STATE,22,2,"43,40,000"
2002,STATE,23,2,"4,51,000"
2002,STATE,24,2,"1,38,000"
2002,STATE,26,2,"55,44,000"
2002,STATE,27,2,"85,41,000"
2002,STATE,28,2,"14,04,000"
2002,STATE,29,2,"9,00,000"
2002,STATE,30,2,"84,42,000"
2002,STATE,31,2,"32,25,000"
2002,STATE,32,2,"5,58,000"
2002,STATE,34,2,"4,40,000"
2002,STATE,35,2,"4,84,000"
2002,STATE,36,2,"58,80,000"
2002,STATE,37,2,"6,72,000"
2002,STATE,38,2,"2,40,00,000"
2002,STATE,39,2,"12,60,000"
2002,STATE,40,2,"1,59,000"
2002,STATE,41,2,"21,07,000"
2002,STATE,,2,"4,53,000"
2002,STATE,42,2,"16,53,000"
2002,STATE,45,2,"4,70,000"
2002,STATE,46,2,"1,14,75,000"
2002,STATE,47,2,"4,88,000"
2002,STATE,48,2,"76,38,000"
2002,STATE,49,2,"12,98,000"
2002,STATE,50,2,"6,23,000"
2002,STATE,51,2,"3,04,000"
2002,STATE,53,2,"25,50,000"
2002,STATE,54,2,"4,59,000"
2002,STATE,55,2,"66,50,000"
2002,STATE,56,2,"23,94,000"
2001,STATE,1,2,"10,22,000"
2001,STATE,4,2,"25,37,000"
2001,STATE,5,2,"49,00,000"
2001,STATE,6,2,"2,80,60,000"
2001,STATE,8,2,"14,30,000"
2001,STATE,12,2,"2,20,00,000"
2001,STATE,13,2,"31,35,000"
2001,STATE,15,2,"6,96,000"
2001,STATE,16,2,"46,00,000"
2001,STATE,17,2,"4,56,000"
2001,STATE,18,2,"5,32,000"
2001,STATE,19,2,"16,83,000"
2001,STATE,20,2,"6,63,000"
2001,STATE,21,2,"3,12,000"
2001,STATE,22,2,"47,70,000"
2001,STATE,23,2,"2,20,000"
2001,STATE,24,2,"1,84,000"
2001,STATE,26,2,"45,60,000"
2001,STATE,27,2,"1,09,35,000"
2001,STATE,28,2,"11,22,000"
2001,STATE,29,2,"13,42,000"
2001,STATE,30,2,"1,38,72,000"
2001,STATE,31,2,"20,64,000"
2001,STATE,32,2,"4,50,000"
2001,STATE,34,2,"3,74,000"
2001,STATE,35,2,"7,00,000"
2001,STATE,36,2,"37,10,000"
2001,STATE,37,2,"5,72,000"
2001,STATE,38,2,"2,68,80,000"
2001,STATE,39,2,"14,58,000"
2001,STATE,40,2,"1,88,000"
2001,STATE,41,2,"19,36,000"
2001,STATE,,2,"3,03,000"
2001,STATE,42,2,"14,82,000"
2001,STATE,45,2,"2,80,000"
2001,STATE,46,2,"1,52,75,000"
2001,STATE,47,2,"4,72,000"
2001,STATE,48,2,"76,63,000"
2001,STATE,49,2,"8,74,000"
2001,STATE,50,2,"5,67,000"
2001,STATE,51,2,"4,68,000"
2001,STATE,53,2,"24,96,000"
2001,STATE,54,2,"4,55,000"
2001,STATE,55,2,"54,27,000"
2001,STATE,56,2,"29,26,000"
2000,STATE,1,2,"12,48,000"
2000,STATE,4,2,"23,60,000"
2000,STATE,5,2,"48,36,000"
2000,STATE,6,2,"3,08,00,000"
2000,STATE,8,2,"17,40,000"
2000,STATE,12,2,"2,43,60,000"
2000,STATE,13,2,"31,35,000"
2000,STATE,15,2,"7,84,000"
2000,STATE,16,2,"47,00,000"
2000,STATE,17,2,"4,88,000"
2000,STATE,18,2,"5,20,000"
2000,STATE,19,2,"20,10,000"
2000,STATE,20,2,"10,20,000"
2000,STATE,21,2,"1,92,000"
2000,STATE,22,2,"40,42,000"
2000,STATE,23,2,"2,31,000"
2000,STATE,24,2,"2,76,000"
2000,STATE,26,2,"54,00,000"
2000,STATE,27,2,"1,35,00,000"
2000,STATE,28,2,"12,24,000"
2000,STATE,29,2,"17,25,000"
2000,STATE,30,2,"1,09,12,000"
2000,STATE,31,2,"43,50,000"
2000,STATE,32,2,"3,50,000"
2000,STATE,34,2,"3,85,000"
2000,STATE,35,2,"9,60,000"
2000,STATE,36,2,"46,40,000"
2000,STATE,37,2,"5,39,000"
2000,STATE,38,2,"3,45,00,000"
2000,STATE,39,2,"11,70,000"
2000,STATE,40,2,"2,45,000"
2000,STATE,41,2,"24,48,000"
2000,STATE,,2,"7,28,000"
2000,STATE,42,2,"11,25,000"
2000,STATE,46,2,"2,84,35,000"
2000,STATE,47,2,"5,49,000"
2000,STATE,48,2,"82,95,000"
2000,STATE,49,2,"9,84,000"
2000,STATE,50,2,"4,13,000"
2000,STATE,51,2,"2,94,000"
2000,STATE,53,2,"28,08,000"
2000,STATE,54,2,"3,78,000"
2000,STATE,55,2,"75,60,000"
2000,STATE,56,2,"36,27,000"
1999,STATE,1,2,"11,56,000"
1999,STATE,4,2,"32,24,000"
1999,STATE,5,2,"46,28,000"
1999,STATE,6,2,"2,79,00,000"
1999,STATE,8,2,"20,52,000"
1999,STATE,12,2,"2,32,56,000"
1999,STATE,13,2,"33,15,000"
1999,STATE,15,2,"6,40,000"
1999,STATE,16,2,"57,60,000"
1999,STATE,17,2,"5,94,000"
1999,STATE,18,2,"8,10,000"
1999,STATE,19,2,"26,00,000"
1999,STATE,20,2,"8,71,000"
1999,STATE,21,2,"1,50,000"
1999,STATE,22,2,"54,72,000"
1999,STATE,23,2,"3,08,000"
1999,STATE,24,2,"2,76,000"
1999,STATE,26,2,"62,05,000"
1999,STATE,27,2,"1,18,90,000"
1999,STATE,28,2,"13,14,000"
1999,STATE,29,2,"15,60,000"
1999,STATE,30,2,"85,40,000"
1999,STATE,31,2,"44,66,000"
1999,STATE,32,2,"4,05,000"
1999,STATE,34,2,"4,40,000"
1999,STATE,35,2,"7,80,000"
1999,STATE,36,2,"48,30,000"
1999,STATE,37,2,"4,14,000"
1999,STATE,38,2,"2,67,75,000"
1999,STATE,39,2,"14,80,000"
1999,STATE,40,2,"2,70,000"
1999,STATE,41,2,"25,65,000"
1999,STATE,,2,"6,81,000"
1999,STATE,42,2,"16,80,000"
1999,STATE,46,2,"2,32,96,000"
1999,STATE,47,2,"4,08,000"
1999,STATE,48,2,"87,48,000"
1999,STATE,49,2,"11,70,000"
1999,STATE,50,2,"3,96,000"
1999,STATE,51,2,"2,45,000"
1999,STATE,53,2,"26,00,000"
1999,STATE,54,2,"2,34,000"
1999,STATE,55,2,"60,00,000"
1999,STATE,56,2,"26,64,000"
1998,STATE,1,2,"11,36,000"
1998,STATE,4,2,"33,00,000"
1998,STATE,5,2,"34,45,000"
1998,STATE,6,2,"3,73,50,000"
1998,STATE,8,2,"19,44,000"
1998,STATE,12,2,"2,25,40,000"
1998,STATE,13,2,"42,00,000"
1998,STATE,15,2,"9,44,000"
1998,STATE,16,2,"60,00,000"
1998,STATE,17,2,"6,39,000"
1998,STATE,18,2,"8,28,000"
1998,STATE,19,2,"39,00,000"
1998,STATE,20,2,"7,36,000"
1998,STATE,21,2,"1,50,000"
1998,STATE,22,2,"45,51,000"
1998,STATE,23,2,"2,60,000"
1998,STATE,24,2,"3,08,000"
1998,STATE,26,2,"68,00,000"
1998,STATE,27,2,"1,10,60,000"
1998,STATE,28,2,"15,48,000"
1998,STATE,29,2,"15,18,000"
1998,STATE,30,2,"1,40,30,000"
1998,STATE,31,2,"44,80,000"
1998,STATE,32,2,"4,60,000"
1998,STATE,34,2,"5,39,000"
1998,STATE,35,2,"7,70,000"
1998,STATE,36,2,"52,00,000"
1998,STATE,37,2,"4,72,000"
1998,STATE,38,2,"2,94,40,000"
1998,STATE,39,2,"14,04,000"
1998,STATE,40,2,"2,04,000"
1998,STATE,41,2,"22,50,000"
1998,STATE,,2,"10,08,000"
1998,STATE,42,2,"17,16,000"
1998,STATE,46,2,"2,13,75,000"
1998,STATE,47,2,"4,48,000"
1998,STATE,48,2,"70,07,000"
1998,STATE,49,2,"17,40,000"
1998,STATE,50,2,"3,84,000"
1998,STATE,51,2,"2,96,000"
1998,STATE,53,2,"29,58,000"
1998,STATE,54,2,"3,30,000"
1998,STATE,55,2,"80,99,000"
1998,STATE,56,2,"27,60,000"
1997,STATE,1,2,"9,24,000"
1997,STATE,4,2,"33,60,000"
1997,STATE,5,2,"47,50,000"
1997,STATE,6,2,"3,15,00,000"
1997,STATE,8,2,"19,25,000"
1997,STATE,12,2,"1,60,80,000"
1997,STATE,13,2,"34,50,000"
1997,STATE,15,2,"13,14,000"
1997,STATE,16,2,"76,80,000"
1997,STATE,17,2,"4,83,000"
1997,STATE,18,2,"5,68,000"
1997,STATE,19,2,"33,30,000"
1997,STATE,20,2,"12,07,000"
1997,STATE,21,2,"1,80,000"
1997,STATE,22,2,"50,60,000"
1997,STATE,23,2,"1,52,000"
1997,STATE,24,2,"2,40,000"
1997,STATE,26,2,"59,50,000"
1997,STATE,27,2,"1,05,85,000"
1997,STATE,28,2,"13,87,000"
1997,STATE,29,2,"18,48,000"
1997,STATE,30,2,"1,28,40,000"
1997,STATE,31,2,"40,87,000"
1997,STATE,32,2,"8,54,000"
1997,STATE,34,2,"4,90,000"
1997,STATE,35,2,"9,00,000"
1997,STATE,36,2,"43,20,000"
1997,STATE,37,2,"4,64,000"
1997,STATE,38,2,"2,45,00,000"
1997,STATE,39,2,"17,60,000"
1997,STATE,40,2,"2,32,000"
1997,STATE,41,2,"26,50,000"
1997,STATE,,2,"11,34,000"
1997,STATE,42,2,"10,56,000"
1997,STATE,46,2,"1,56,00,000"
1997,STATE,47,2,"4,34,000"
1997,STATE,48,2,"99,64,000"
1997,STATE,49,2,"16,64,000"
1997,STATE,50,2,"3,15,000"
1997,STATE,51,2,"4,24,000"
1997,STATE,53,2,"31,20,000"
1997,STATE,54,2,"5,60,000"
1997,STATE,55,2,"47,40,000"
1997,STATE,56,2,"23,56,000"
1996,STATE,1,2,"9,60,000"
1996,STATE,4,2,"19,20,000"
1996,STATE,5,2,"42,00,000"
1996,STATE,6,2,"2,73,00,000"
1996,STATE,8,2,"22,20,000"
1996,STATE,12,2,"2,52,00,000"
1996,STATE,13,2,"51,00,000"
1996,STATE,15,2,"12,40,000"
1996,STATE,16,2,"49,50,000"
1996,STATE,17,2,"8,14,000"
1996,STATE,18,2,"6,75,000"
1996,STATE,19,2,"34,84,000"
1996,STATE,20,2,"8,16,000"
1996,STATE,21,2,"1,80,000"
1996,STATE,22,2,"46,64,000"
1996,STATE,23,2,"2,07,000"
1996,STATE,24,2,"2,24,000"
1996,STATE,26,2,"86,40,000"
1996,STATE,27,2,"1,15,50,000"
1996,STATE,28,2,"13,60,000"
1996,STATE,29,2,"16,28,000"
1996,STATE,30,2,"70,20,000"
1996,STATE,31,2,"48,75,000"
1996,STATE,32,2,"8,54,000"
1996,STATE,34,2,"3,15,000"
1996,STATE,35,2,"11,55,000"
1996,STATE,36,2,"54,40,000"
1996,STATE,37,2,"5,28,000"
1996,STATE,38,2,"1,97,80,000"
1996,STATE,39,2,"16,80,000"
1996,STATE,40,2,"2,36,000"
1996,STATE,41,2,"32,45,000"
1996,STATE,,2,"2,17,000"
1996,STATE,42,2,"10,58,000"
1996,STATE,45,2,"8,10,000"
1996,STATE,46,2,"2,32,80,000"
1996,STATE,47,2,"3,20,000"
1996,STATE,48,2,"68,06,000"
1996,STATE,49,2,"15,64,000"
1996,STATE,50,2,"3,32,000"
1996,STATE,51,2,"3,50,000"
1996,STATE,53,2,"34,80,000"
1996,STATE,54,2,"5,90,000"
1996,STATE,55,2,"53,82,000"
1996,STATE,56,2,"29,20,000"
1995,STATE,1,2,"9,28,000"
1995,STATE,4,2,"41,08,000"
1995,STATE,5,2,"33,00,000"
1995,STATE,6,2,"3,90,60,000"
1995,STATE,8,2,"27,00,000"
1995,STATE,12,2,"1,97,80,000"
1995,STATE,13,2,"43,40,000"
1995,STATE,15,2,"10,32,000"
1995,STATE,16,2,"60,00,000"
1995,STATE,17,2,"8,14,000"
1995,STATE,18,2,"7,56,000"
1995,STATE,19,2,"30,60,000"
1995,STATE,20,2,"11,39,000"
1995,STATE,21,2,"1,32,000"
1995,STATE,22,2,"45,22,000"
1995,STATE,23,2,"4,95,000"
1995,STATE,24,2,"2,45,000"
1995,STATE,26,2,"89,24,000"
1995,STATE,27,2,"1,35,30,000"
1995,STATE,28,2,"11,20,000"
1995,STATE,29,2,"15,41,000"
1995,STATE,30,2,"84,80,000"
1995,STATE,31,2,"43,80,000"
1995,STATE,32,2,"2,90,000"
1995,STATE,34,2,"3,40,000"
1995,STATE,35,2,"12,35,000"
1995,STATE,36,2,"52,50,000"
1995,STATE,37,2,"6,24,000"
1995,STATE,38,2,"2,37,60,000"
1995,STATE,39,2,"15,50,000"
1995,STATE,40,2,"3,04,000"
1995,STATE,41,2,"27,04,000"
1995,STATE,,2,"2,64,000"
1995,STATE,42,2,"10,75,000"
1995,STATE,45,2,"8,10,000"
1995,STATE,46,2,"2,04,00,000"
1995,STATE,47,2,"2,65,000"
1995,STATE,48,2,"89,04,000"
1995,STATE,49,2,"10,56,000"
1995,STATE,50,2,"3,35,000"
1995,STATE,51,2,"4,05,000"
1995,STATE,53,2,"35,40,000"
1995,STATE,54,2,"5,33,000"
1995,STATE,55,2,"57,67,000"
1995,STATE,56,2,"13,68,000"
1994,STATE,1,2,"9,00,000"
1994,STATE,4,2,"31,27,000"
1994,STATE,5,2,"39,05,000"
1994,STATE,6,2,"2,40,00,000"
1994,STATE,8,2,"34,20,000"
1994,STATE,12,2,"1,93,20,000"
1994,STATE,13,2,"50,40,000"
1994,STATE,15,2,"9,00,000"
1994,STATE,16,2,"74,93,000"
1994,STATE,17,2,"10,40,000"
1994,STATE,18,2,"7,02,000"
1994,STATE,19,2,"34,32,000"
1994,STATE,20,2,"8,93,000"
1994,STATE,21,2,"1,62,000"
1994,STATE,22,2,"39,20,000"
1994,STATE,23,2,"4,40,000"
1994,STATE,24,2,"2,52,000"
1994,STATE,26,2,"77,40,000"
1994,STATE,27,2,"1,34,30,000"
1994,STATE,28,2,"10,07,000"
1994,STATE,29,2,"19,25,000"
1994,STATE,30,2,"1,24,95,000"
1994,STATE,31,2,"39,60,000"
1994,STATE,32,2,"7,56,000"
1994,STATE,34,2,"3,63,000"
1994,STATE,35,2,"12,16,000"
1994,STATE,36,2,"46,24,000"
1994,STATE,37,2,"8,85,000"
1994,STATE,38,2,"3,24,30,000"
1994,STATE,39,2,"17,28,000"
1994,STATE,40,2,"2,90,000"
1994,STATE,41,2,"32,50,000"
1994,STATE,,2,"2,22,000"
1994,STATE,42,2,"12,69,000"
1994,STATE,45,2,"10,00,000"
1994,STATE,46,2,"2,60,00,000"
1994,STATE,47,2,"3,06,000"
1994,STATE,48,2,"76,22,000"
1994,STATE,49,2,"25,37,000"
1994,STATE,50,2,"3,85,000"
1994,STATE,51,2,"5,72,000"
1994,STATE,53,2,"37,20,000"
1994,STATE,54,2,"8,80,000"
1994,STATE,55,2,"53,25,000"
1994,STATE,56,2,"31,74,000"
1993,STATE,1,2,"8,55,000"
1993,STATE,4,2,"42,35,000"
1993,STATE,5,2,"36,50,000"
1993,STATE,6,2,"4,50,00,000"
1993,STATE,8,2,"38,69,000"
1993,STATE,12,2,"2,26,00,000"
1993,STATE,13,2,"44,80,000"
1993,STATE,15,2,"15,93,000"
1993,STATE,16,2,"94,43,000"
1993,STATE,17,2,"7,20,000"
1993,STATE,18,2,"7,92,000"
1993,STATE,19,2,"27,44,000"
1993,STATE,20,2,"13,11,000"
1993,STATE,21,2,"2,40,000"
1993,STATE,22,2,"40,42,000"
1993,STATE,23,2,"6,50,000"
1993,STATE,24,2,"1,89,000"
1993,STATE,26,2,"69,30,000"
1993,STATE,27,2,"1,44,00,000"
1993,STATE,28,2,"10,37,000"
1993,STATE,29,2,"17,52,000"
1993,STATE,30,2,"93,10,000"
1993,STATE,31,2,"58,10,000"
1993,STATE,32,2,"7,28,000"
1993,STATE,34,2,"3,08,000"
1993,STATE,35,2,"11,52,000"
1993,STATE,36,2,"40,30,000"
1993,STATE,37,2,"7,95,000"
1993,STATE,38,2,"1,98,00,000"
1993,STATE,39,2,"19,80,000"
1993,STATE,40,2,"4,02,000"
1993,STATE,41,2,"35,51,000"
1993,STATE,,2,"3,60,000"
1993,STATE,42,2,"11,20,000"
1993,STATE,45,2,"9,90,000"
1993,STATE,46,2,"2,40,10,000"
1993,STATE,47,2,"4,08,000"
1993,STATE,48,2,"86,10,000"
1993,STATE,49,2,"22,26,000"
1993,STATE,50,2,"4,92,000"
1993,STATE,51,2,"5,40,000"
1993,STATE,53,2,"27,00,000"
1993,STATE,54,2,"7,40,000"
1993,STATE,55,2,"82,00,000"
1993,STATE,56,2,"18,70,000"
1992,STATE,1,2,"10,25,000"
1992,STATE,4,2,"37,80,000"
1992,STATE,5,2,"29,25,000"
1992,STATE,6,2,"3,28,30,000"
1992,STATE,8,2,"38,48,000"
1992,STATE,12,2,"2,28,80,000"
1992,STATE,13,2,"46,75,000"
1992,STATE,15,2,"12,42,000"
1992,STATE,16,2,"68,85,000"
1992,STATE,17,2,"8,48,000"
1992,STATE,18,2,"4,65,000"
1992,STATE,19,2,"40,30,000"
1992,STATE,20,2,"16,24,000"
1992,STATE,21,2,"1,20,000"
1992,STATE,22,2,"48,15,000"
1992,STATE,23,2,"3,30,000"
1992,STATE,24,2,"1,38,000"
1992,STATE,26,2,"64,60,000"
1992,STATE,27,2,"1,71,00,000"
1992,STATE,28,2,"16,25,000"
1992,STATE,29,2,"18,25,000"
1992,STATE,30,2,"95,70,000"
1992,STATE,31,2,"72,00,000"
1992,STATE,32,2,"9,75,000"
1992,STATE,34,2,"1,76,000"
1992,STATE,35,2,"12,24,000"
1992,STATE,36,2,"46,20,000"
1992,STATE,37,2,"6,75,000"
1992,STATE,38,2,"2,18,40,000"
1992,STATE,39,2,"12,54,000"
1992,STATE,40,2,"4,68,000"
1992,STATE,41,2,"25,48,000"
1992,STATE,,2,"2,34,000"
1992,STATE,42,2,"12,30,000"
1992,STATE,45,2,"7,59,000"
1992,STATE,46,2,"2,04,00,000"
1992,STATE,47,2,"3,01,000"
1992,STATE,48,2,"1,06,25,000"
1992,STATE,49,2,"26,32,000"
1992,STATE,50,2,"3,78,000"
1992,STATE,51,2,"4,94,000"
1992,STATE,53,2,"35,20,000"
1992,STATE,54,2,"12,65,000"
1992,STATE,55,2,"69,30,000"
1992,STATE,56,2,"28,70,000"
1991,STATE,1,2,"5,52,000"
1991,STATE,4,2,"37,50,000"
1991,STATE,5,2,"37,13,000"
1991,STATE,6,2,"3,46,50,000"
1991,STATE,8,2,"39,50,000"
1991,STATE,12,2,"1,86,75,000"
1991,STATE,13,2,"42,84,000"
1991,STATE,15,2,"13,10,000"
1991,STATE,16,2,"64,40,000"
1991,STATE,17,2,"10,92,000"
1991,STATE,18,2,"10,50,000"
1991,STATE,19,2,"41,30,000"
1991,STATE,20,2,"18,20,000"
1991,STATE,21,2,"1,75,000"
1991,STATE,22,2,"28,00,000"
1991,STATE,23,2,"5,46,000"
1991,STATE,24,2,"1,75,000"
1991,STATE,26,2,"76,65,000"
1991,STATE,27,2,"1,63,80,000"
1991,STATE,28,2,"10,08,000"
1991,STATE,29,2,"18,20,000"
1991,STATE,30,2,"79,12,000"
1991,STATE,31,2,"72,36,000"
1991,STATE,32,2,"8,10,000"
1991,STATE,34,2,"3,41,000"
1991,STATE,35,2,"15,40,000"
1991,STATE,36,2,"47,74,000"
1991,STATE,37,2,"10,44,000"
1991,STATE,38,2,"2,21,45,000"
1991,STATE,39,2,"29,28,000"
1991,STATE,40,2,"6,30,000"
1991,STATE,41,2,"25,76,000"
1991,STATE,,2,"2,52,000"
1991,STATE,42,2,"18,00,000"
1991,STATE,45,2,"6,71,000"
1991,STATE,46,2,"2,27,25,000"
1991,STATE,47,2,"5,32,000"
1991,STATE,48,2,"1,09,20,000"
1991,STATE,49,2,"15,30,000"
1991,STATE,50,2,"4,50,000"
1991,STATE,51,2,"5,28,000"
1991,STATE,53,2,"35,70,000"
1991,STATE,54,2,"6,24,000"
1991,STATE,55,2,"73,70,000"
1991,STATE,56,2,"21,32,000"
1990,STATE,1,2,"11,02,000"
1990,STATE,4,2,"32,16,000"
1990,STATE,5,2,"35,28,000"
1990,STATE,6,2,"2,01,60,000"
1990,STATE,8,2,"35,20,000"
1990,STATE,9,2,"1,04,000"
1990,STATE,10,2,"11,000"
1990,STATE,12,2,"2,09,00,000"
1990,STATE,13,2,"55,50,000"
1990,STATE,15,2,"15,70,000"
1990,STATE,16,2,"56,00,000"
1990,STATE,17,2,"9,20,000"
1990,STATE,18,2,"10,34,000"
1990,STATE,19,2,"37,80,000"
1990,STATE,20,2,"24,12,000"
1990,STATE,21,2,"3,52,000"
1990,STATE,22,2,"33,82,000"
1990,STATE,23,2,"4,80,000"
1990,STATE,24,2,"1,33,000"
1990,STATE,25,2,"1,95,000"
1990,STATE,26,2,"80,00,000"
1990,STATE,27,2,"1,25,80,000"
1990,STATE,28,2,"14,88,000"
1990,STATE,29,2,"18,90,000"
1990,STATE,30,2,"79,38,000"
1990,STATE,31,2,"66,08,000"
1990,STATE,32,2,"9,86,000"
1990,STATE,33,2,"54,000"
1990,STATE,34,2,"3,15,000"
1990,STATE,35,2,"20,59,000"
1990,STATE,36,2,"43,74,000"
1990,STATE,37,2,"10,00,000"
1990,STATE,38,2,"1,80,40,000"
1990,STATE,39,2,"21,42,000"
1990,STATE,40,2,"4,50,000"
1990,STATE,41,2,"25,62,000"
1990,STATE,42,2,"11,48,000"
1990,STATE,44,2,"31,000"
1990,STATE,45,2,"4,92,000"
1990,STATE,46,2,"1,98,45,000"
1990,STATE,47,2,"6,27,000"
1990,STATE,48,2,"93,80,000"
1990,STATE,49,2,"17,39,000"
1990,STATE,50,2,"3,90,000"
1990,STATE,51,2,"5,44,000"
1990,STATE,53,2,"44,00,000"
1990,STATE,54,2,"9,00,000"
1990,STATE,55,2,"84,00,000"
1990,STATE,56,2,"22,80,000"
1989,STATE,1,2,"8,20,000"
1989,STATE,4,2,"35,10,000"
1989,STATE,5,2,"20,74,000"
1989,STATE,6,2,"2,10,80,000"
1989,STATE,8,2,"33,00,000"
1989,STATE,9,2,"80,000"
1989,STATE,10,2,"10,000"
1989,STATE,12,2,"1,50,00,000"
1989,STATE,13,2,"31,32,000"
1989,STATE,15,2,"12,15,000"
1989,STATE,16,2,"75,60,000"
1989,STATE,17,2,"11,02,000"
1989,STATE,18,2,"9,80,000"
1989,STATE,19,2,"60,30,000"
1989,STATE,20,2,"17,02,000"
1989,STATE,21,2,"3,48,000"
1989,STATE,22,2,"29,75,000"
1989,STATE,23,2,"4,08,000"
1989,STATE,24,2,"1,44,000"
1989,STATE,25,2,"1,84,000"
1989,STATE,26,2,"71,40,000"
1989,STATE,27,2,"1,51,80,000"
1989,STATE,28,2,"7,92,000"
1989,STATE,29,2,"20,46,000"
1989,STATE,30,2,"63,00,000"
1989,STATE,31,2,"73,78,000"
1989,STATE,32,2,"8,10,000"
1989,STATE,33,2,"35,000"
1989,STATE,34,2,"5,75,000"
1989,STATE,35,2,"11,50,000"
1989,STATE,36,2,"55,46,000"
1989,STATE,37,2,"9,50,000"
1989,STATE,38,2,"1,73,60,000"
1989,STATE,39,2,"10,60,000"
1989,STATE,40,2,"5,85,000"
1989,STATE,41,2,"24,57,000"
1989,STATE,42,2,"15,99,000"
1989,STATE,44,2,"39,000"
1989,STATE,45,2,"2,85,000"
1989,STATE,46,2,"1,15,15,000"
1989,STATE,47,2,"6,25,000"
1989,STATE,48,2,"78,40,000"
1989,STATE,49,2,"20,68,000"
1989,STATE,50,2,"3,66,000"
1989,STATE,51,2,"4,60,000"
1989,STATE,53,2,"32,20,000"
1989,STATE,54,2,"14,08,000"
1989,STATE,55,2,"79,92,000"
1989,STATE,56,2,"19,27,000"
1988,STATE,1,2,"17,64,000"
1988,STATE,4,2,"39,20,000"
1988,STATE,5,2,"22,78,000"
1988,STATE,6,2,"2,40,00,000"
1988,STATE,8,2,"39,84,000"
1988,STATE,9,2,"92,000"
1988,STATE,10,2,"26,000"
1988,STATE,12,2,"2,52,00,000"
1988,STATE,13,2,"47,15,000"
1988,STATE,15,2,"16,11,000"
1988,STATE,16,2,"67,31,000"
1988,STATE,17,2,"19,32,000"
1988,STATE,18,2,"18,85,000"
1988,STATE,19,2,"63,21,000"
1988,STATE,20,2,"28,98,000"
1988,STATE,21,2,"4,80,000"
1988,STATE,22,2,"34,20,000"
1988,STATE,23,2,"3,64,000"
1988,STATE,24,2,"1,75,000"
1988,STATE,25,2,"2,70,000"
1988,STATE,26,2,"69,35,000"
1988,STATE,27,2,"2,06,40,000"
1988,STATE,28,2,"13,86,000"
1988,STATE,29,2,"24,00,000"
1988,STATE,30,2,"50,40,000"
1988,STATE,31,2,"1,08,48,000"
1988,STATE,32,2,"2,70,000"
1988,STATE,33,2,"34,000"
1988,STATE,34,2,"9,30,000"
1988,STATE,35,2,"11,97,000"
1988,STATE,36,2,"55,46,000"
1988,STATE,37,2,"9,66,000"
1988,STATE,38,2,"1,65,00,000"
1988,STATE,39,2,"24,00,000"
1988,STATE,40,2,"5,50,000"
1988,STATE,41,2,"31,20,000"
1988,STATE,42,2,"20,70,000"
1988,STATE,44,2,"39,000"
1988,STATE,45,2,"5,60,000"
1988,STATE,46,2,"1,81,30,000"
1988,STATE,47,2,"14,00,000"
1988,STATE,48,2,"94,24,000"
1988,STATE,49,2,"14,76,000"
1988,STATE,50,2,"3,57,000"
1988,STATE,51,2,"14,00,000"
1988,STATE,53,2,"30,55,000"
1988,STATE,54,2,"10,50,000"
1988,STATE,55,2,"1,00,98,000"
1988,STATE,56,2,"27,69,000"
1987,STATE,1,2,"16,10,000"
1987,STATE,4,2,"37,60,000"
1987,STATE,5,2,"20,01,000"
1987,STATE,6,2,"1,78,20,000"
1987,STATE,8,2,"32,12,000"
1987,STATE,9,2,"68,000"
1987,STATE,10,2,"29,000"
1987,STATE,12,2,"1,89,60,000"
1987,STATE,13,2,"45,60,000"
1987,STATE,15,2,"17,10,000"
1987,STATE,16,2,"72,00,000"
1987,STATE,17,2,"21,00,000"
1987,STATE,18,2,"14,50,000"
1987,STATE,19,2,"45,32,000"
1987,STATE,20,2,"23,46,000"
1987,STATE,21,2,"3,50,000"
1987,STATE,22,2,"26,25,000"
1987,STATE,23,2,"4,14,000"
1987,STATE,24,2,"2,45,000"
1987,STATE,25,2,"1,65,000"
1987,STATE,26,2,"63,24,000"
1987,STATE,27,2,"1,72,80,000"
1987,STATE,28,2,"11,40,000"
1987,STATE,29,2,"19,50,000"
1987,STATE,30,2,"96,90,000"
1987,STATE,31,2,"99,00,000"
1987,STATE,32,2,"3,30,000"
1987,STATE,33,2,"32,000"
1987,STATE,34,2,"8,50,000"
1987,STATE,35,2,"9,50,000"
1987,STATE,36,2,"39,60,000"
1987,STATE,37,2,"9,60,000"
1987,STATE,38,2,"3,30,00,000"
1987,STATE,39,2,"27,50,000"
1987,STATE,40,2,"7,00,000"
1987,STATE,41,2,"23,10,000"
1987,STATE,42,2,"18,72,000"
1987,STATE,44,2,"32,000"
1987,STATE,45,2,"5,10,000"
1987,STATE,46,2,"3,48,40,000"
1987,STATE,47,2,"19,25,000"
1987,STATE,48,2,"88,80,000"
1987,STATE,49,2,"16,80,000"
1987,STATE,50,2,"3,22,000"
1987,STATE,51,2,"12,00,000"
1987,STATE,53,2,"41,25,000"
1987,STATE,54,2,"8,61,000"
1987,STATE,55,2,"89,24,000"
1987,STATE,56,2,"28,86,000"
